{
    "samples": 1000,
    "num_tokens": 154776,
    "model_name": "Qwen2.5-7B-Instruct",
    "avg_time_per_sample": 0.015874013662338256,
    "avg_time_per_token": 0.00010256120885885574
}