{
    "samples": 1000,
    "model_name": "Qwen2.5-7B-Instruct",
    "avg_time_per_sample": 5.0254953253269194,
    "avg_time_per_token": 0.03217058218422753
}