{
    "samples": 1000,
    "model_name": "Qwen2.5-7B-Instruct",
    "avg_time_per_sample": 3.902385597229004,
    "avg_time_per_token": 0.025248517376723477
}